<?xml version='1.0' encoding='UTF-8'?>
<project name='MiPrimerPD' id='3889780' tid='khej4dkr:3889780' labels='none' dumpFileVersion='5.4.1' dumpTimestamp='@1605168045479'>
  <teamMember name='Ulises Benítez Domínguez' tmid='591884514' initials='me' color='#9933ff' subteams='' startDate='@1604793600000' startCalendarDate='2020-11-08' hoursPerWeek='12.0'/>
  <milestone name='' mid='6950746' fullMid='khej4dkr:6950746'/>
	<component name='Análisis' id='3889765' tid='khej4dkr:3889765' labels='none'>
		<component name='Entrevista con Cliente' id='3889771' tid='khej4dkr:3889771' labels='none'/>
		<component name='Elaborar Documento de Requisitos' id='3889772' tid='khej4dkr:3889772' labels='none'/>
	</component>
	<component name='Diseño' id='3889766' tid='khej4dkr:3889766' labels='none'>
		<component name='Diseño DCU' id='3889773' tid='khej4dkr:3889773' labels='none'/>
		<component name='Diseño DClases' id='3889774' tid='khej4dkr:3889774' labels='none'/>
	</component>
	<component name='Codificación' id='3889767' tid='khej4dkr:3889767' labels='none'>
		<component name='Creación de Clases' id='3889775' tid='khej4dkr:3889775' labels='none'/>
		<component name='Creación de Atributos' id='3889776' tid='khej4dkr:3889776' labels='none'/>
		<component name='Asig Responsabilidades' id='3889779' tid='khej4dkr:3889779' labels='none'/>
	</component>
	<component name='Pruebas' id='3889768' tid='khej4dkr:3889768' labels='none'>
		<component name='Creación Pruebas Unitarias' id='3889777' tid='khej4dkr:3889777' labels='none'/>
	</component>
	<component name='Despliegue' id='3889769' tid='khej4dkr:3889769' labels='none'>
		<component name='Creación Versión en Github' id='3889778' tid='khej4dkr:3889778' labels='none'/>
	</component>
</project>
