<wbsModel>
  <wbsNode name='MiPrimerPD' id='3889780' type='Project' indentLevel='0' expanded='true'>
    <attr name='WBS Managed Size Data' value='true'/>
    <attr name='createdWithVersion' value='5.4.1'/>
    <attr name='workflowIDsScrubbed' value='true'/>
  </wbsNode>
    <wbsNode name='Análisis' id='3889765' type='Component' indentLevel='1' expanded='true'/>
      <wbsNode name='Entrevista con Cliente' id='3889771' type='Component' indentLevel='2'>
        <attr name='Time (Top Down)' value='50.0'/>
        <attr name='me-Time (Top Down)' value='50.0'/>
      </wbsNode>
      <wbsNode name='Elaborar Documento de Requisitos' id='3889772' type='Component' indentLevel='2'>
        <attr name='Time (Top Down)' value='60.0'/>
        <attr name='me-Time (Top Down)' value='60.0'/>
      </wbsNode>
    <wbsNode name='Diseño' id='3889766' type='Component' indentLevel='1' expanded='true'/>
      <wbsNode name='Diseño DCU' id='3889773' type='Component' indentLevel='2'>
        <attr name='Time (Top Down)' value='40.0'/>
        <attr name='me-Time (Top Down)' value='40.0'/>
      </wbsNode>
      <wbsNode name='Diseño DClases' id='3889774' type='Component' indentLevel='2'>
        <attr name='Time (Top Down)' value='60.0'/>
        <attr name='me-Time (Top Down)' value='60.0'/>
      </wbsNode>
    <wbsNode name='Codificación' id='3889767' type='Component' indentLevel='1' expanded='true'/>
      <wbsNode name='Creación de Clases' id='3889775' type='Component' indentLevel='2'>
        <attr name='Time (Top Down)' value='60.0'/>
        <attr name='me-Time (Top Down)' value='60.0'/>
      </wbsNode>
      <wbsNode name='Creación de Atributos' id='3889776' type='Component' indentLevel='2'>
        <attr name='Time (Top Down)' value='60.0'/>
        <attr name='me-Time (Top Down)' value='60.0'/>
      </wbsNode>
      <wbsNode name='Asig Responsabilidades' id='3889779' type='Component' indentLevel='2'>
        <attr name='Time (Top Down)' value='60.0'/>
        <attr name='me-Time (Top Down)' value='60.0'/>
      </wbsNode>
    <wbsNode name='Pruebas' id='3889768' type='Component' indentLevel='1' expanded='true'/>
      <wbsNode name='Creación Pruebas Unitarias' id='3889777' type='Component' indentLevel='2'>
        <attr name='Time (Top Down)' value='60.0'/>
        <attr name='me-Time (Top Down)' value='60.0'/>
      </wbsNode>
    <wbsNode name='Despliegue' id='3889769' type='Component' indentLevel='1' expanded='true'/>
      <wbsNode name='Creación Versión en Github' id='3889778' type='Component' indentLevel='2'>
        <attr name='Time (Top Down)' value='60.0'/>
        <attr name='me-Time (Top Down)' value='60.0'/>
      </wbsNode>
</wbsModel>
