<?xml version='1.0' encoding='UTF-8' ?>
<timeLogEntries>
  <time id="1" path="/Proyecto/Proyecto1/PSP0.1/Planning" start="@1605168756840" delta="3" />
  <time id="2" path="/Proyecto/Proyecto1/PSP0.1/Design" start="@1605168946668" delta="2" />
  <time id="3" path="/Proyecto/Proyecto1/PSP0.1/Code" start="@1605169090424" delta="3" />
  <time id="4" path="/Proyecto/Proyecto1/PSP0.1/Postmortem" start="@1605169325138" />
  <time id="5" path="/Proyecto/DadosCMEPPS/PSP0.1/Planning" start="@1605170170019" delta="5" />
  <time id="6" path="/Proyecto/DadosCMEPPS/PSP0.1/Design" start="@1605170499416" delta="17" />
  <time id="7" path="/Proyecto/DadosCMEPPS/PSP0.1/Design" start="@1605172582422" delta="3" />
  <time id="8" path="/Proyecto/DadosCMEPPS/PSP0.1/Design" start="@1605275718655" delta="1" />
  <time id="9" path="/Proyecto/DadosCMEPPS/PSP0.1/Code" start="@1605275720343" delta="43" />
  <time id="10" path="/Proyecto/DadosCMEPPS/PSP0.1/Code" start="@1605279077463" delta="20" interrupt="9" />
  <time id="11" path="/Proyecto/DadosCMEPPS/PSP0.1/Compile" start="@1605280821765" delta="6" />
  <time id="12" path="/Proyecto/DadosCMEPPS/PSP0.1/Test" start="@1605281205328" delta="2" />
  <time id="13" path="/Proyecto/DadosCMEPPS/PSP0.1/Postmortem" start="@1605281295861" />
  <time id="14" path="/Proyecto/ahorcadoCMEPPS/PSP0.1/Planning" start="@1606377509401" delta="1" />
  <time id="15" path="/Proyecto/ahorcadoCMEPPS/PSP0.1/Design" start="@1606377516487" delta="36" interrupt="1" />
  <time id="16" path="/Proyecto/ahorcadoCMEPPS/PSP0.1/Code" start="@1606379746426" delta="27" interrupt="1" />
  <time id="17" path="/Proyecto/ahorcadoCMEPPS/PSP0.1/Code" start="@1606406168867" delta="121" />
  <time id="18" path="/Proyecto/ahorcadoCMEPPS/PSP0.1/Code" start="@1606420262993" delta="14" />
  <time id="19" path="/Proyecto/ahorcadoCMEPPS/PSP0.1/Compile" start="@1606421090743" delta="6" />
  <time id="20" path="/Proyecto/ahorcadoCMEPPS/PSP0.1/Test" start="@1606421430004" delta="2" />
  <time id="21" path="/Proyecto/ahorcadoCMEPPS/PSP0.1/Postmortem" start="@1606421569169" delta="8" />
</timeLogEntries>
